011111110100,011111110100,011111110100
011011111101010,011011111101010,011011111101010
1110011,1001100,1001101
0001010001100,0001010001100,0001010001100
010110001100100,010110001100100,010110001100100
1001,1110,1111
,ERROR
0111001001,0111001001,0111001001
1010,1101,1110
01011001010,01011001010,01011001010
0111,0111,0111
01111101,01111101,01111101
1101111,1010000,1010001
0111011101,0111011101,0111011101
1,ERROR
000,000,000
,ERROR
1001101,1110010,1110011
0011,0011,0011
010101,010101,010101
001010001,001010001,001010001
0011010,0011010,0011010
010110111001,010110111001,010110111001
011110001001000,011110001001000,011110001001000
00111010000001101,ERROR
00011011100100,00011011100100,00011011100100
,ERROR
111010001,100101110,100101111
10011110100100000,ERROR
011000000101,011000000101,011000000101
10110110110111011,ERROR
0110011010,0110011010,0110011010
00001000,00001000,00001000
101011011,110100100,110100101
0010100011100,0010100011100,0010100011100
00100,00100,00100
00001111000110,00001111000110,00001111000110
110001011011110,101110100100001,101110100100010
0,ERROR
00000100000001,00000100000001,00000100000001
0010100110100,0010100110100,0010100110100
00011110010011,00011110010011,00011110010011
0100111,0100111,0100111
101110011110,110001100001,110001100010
110101100100,101010011011,101010011100
011000000111011,011000000111011,011000000111011
10,11,00
10000111000001,11111000111110,11111000111111
11011010,10100101,10100110
00110110111111,00110110111111,00110110111111
001101110,001101110,001101110
,ERROR
1,ERROR
10011,11100,11101
,ERROR
00,00,00
010110,010110,010110
10011,11100,11101
,ERROR
11010001011000,10101110100111,10101110101000
001011001,001011001,001011001
10110100,11001011,11001100
11010111011,10101000100,10101000101
10110001,11001110,11001111
,ERROR
011101111001,011101111001,011101111001
0010100,0010100,0010100
1001110110010,1110001001101,1110001001110
00100,00100,00100
1001,1110,1111
11,10,00
111010000010,100101111101,100101111110
100,111,000
001000110010,001000110010,001000110010
,ERROR
100,111,000
,ERROR
001010011110,001010011110,001010011110
11100110011,10011001100,10011001101
1001110010101111,1110001101010000,1110001101010001
,ERROR
01,01,01
11111,10000,10001
10111011,11000100,11000101
11001,10110,10111
1,ERROR
010,010,010
10011010,11100101,11100110
,ERROR
10010111011,11101000100,11101000101
01,01,01
111100001110,100011110001,100011110010
01101101011100011,ERROR
1011111000,1100000111,1100001000
010001010111,010001010111,010001010111
,ERROR
0100,0100,0100
00,00,00
111010,100101,100110
0,ERROR
1111,1000,1001
01001110011010,01001110011010,01001110011010
00011110001100,00011110001100,00011110001100
,ERROR
10,11,00
0011010,0011010,0011010
010001000011000,010001000011000,010001000011000
,ERROR
00110110000,00110110000,00110110000
000001010011,000001010011,000001010011
10101100010111,11010011101000,11010011101001
01110101001000001,ERROR
00001011000,00001011000,00001011000
000001,000001,000001
00001100011,00001100011,00001100011
,ERROR
101011110000110,110100001111001,110100001111010
0010,0010,0010
000000011011010,000000011011010,000000011011010
001100101110011,001100101110011,001100101110011
,ERROR
,ERROR
,ERROR
1,ERROR
01,01,01
110000011,101111100,101111101
1000010,1111101,1111110
0100,0100,0100
1100111000011110,1011000111100001,1011000111100010
,ERROR
10,11,00
0001010000011101,0001010000011101,0001010000011101
01110101,01110101,01110101
1011000111,1100111000,1100111001
00110100001,00110100001,00110100001
11,10,00
01010100,01010100,01010100
01101000000000010,ERROR
01100101000000,01100101000000,01100101000000
011010001,011010001,011010001
001,001,001
0,ERROR
11010010110,10101101001,10101101010
1011,1100,1101
111000,100111,101000
11011,10100,10101
11100,10011,10100
101000001,110111110,110111111
10011100010,11100011101,11100011110
0,ERROR
1001101010100101,1110010101011010,1110010101011011
100100001010,111011110101,111011110110
0100011101,0100011101,0100011101
1111100,1000011,1000100
010010110,010010110,010010110
10100000,11011111,11100000
,ERROR
11010011101,10101100010,10101100011
,ERROR
00111001001101,00111001001101,00111001001101
1111111100000001,1000000011111110,1000000011111111
01,01,01
01000101001100,01000101001100,01000101001100
0100000001101110,0100000001101110,0100000001101110
1110001,1001110,1001111
,ERROR
111111000001100,100000111110011,100000111110100
0001111,0001111,0001111
00000101,00000101,00000101
11,10,00
10000100111111,11111011000000,11111011000001
011000,011000,011000
1000101110010,1111010001101,1111010001110
011100110100,011100110100,011100110100
00010,00010,00010
100111011,111000100,111000101
0000001110101,0000001110101,0000001110101
01000011,01000011,01000011
0110011111100,0110011111100,0110011111100
10100011110011,11011100001100,11011100001101
1011,1100,1101
001,001,001
1101001001001111,1010110110110000,1010110110110001
00110011100110001,ERROR
011000111111,011000111111,011000111111
1001110,1110001,1110010
00001,00001,00001
1,ERROR
111101001001011,100010110110100,100010110110101
10001,11110,11111
00110011,00110011,00110011
0010100,0010100,0010100
001000000101,001000000101,001000000101
011100110100010,011100110100010,011100110100010
00,00,00
1101000011,1010111100,1010111101
00,00,00
1,ERROR
00,00,00
0101,0101,0101
1011010111,1100101000,1100101001
111110010100001,100001101011110,100001101011111
01101010000001,01101010000001,01101010000001
011100100111111,011100100111111,011100100111111
1000000010,1111111101,1111111110
01101,01101,01101
00110,00110,00110
00111,00111,00111
0,ERROR
11111,10000,10001
100100000001111,111011111110000,111011111110001
10110110101,11001001010,11001001011
00011010,00011010,00011010
10,11,00
0111,0111,0111
100001,111110,111111
,ERROR
0,ERROR
0,ERROR
001011100101,001011100101,001011100101
,ERROR
1001000011000110,1110111100111001,1110111100111010
100000010110101,111111101001010,111111101001011
0001110011010110,0001110011010110,0001110011010110
00001111011100,00001111011100,00001111011100
101011100,110100011,110100100
0110111001100,0110111001100,0110111001100
010111,010111,010111
111001,100110,100111
0100001,0100001,0100001
111010001100110,100101110011001,100101110011010
010110100101,010110100101,010110100101
011000001011010,011000001011010,011000001011010
100111,111000,111001
001011010101110,001011010101110,001011010101110
0111111110,0111111110,0111111110
0001101011110,0001101011110,0001101011110
11,10,00
110111,101000,101001
101101010110,110010101001,110010101010
10,11,00
1010,1101,1110
,ERROR
0011101001111,0011101001111,0011101001111
011001001000,011001001000,011001001000
01,01,01
01100110101,01100110101,01100110101
00001010000001001,ERROR
01110010000000,01110010000000,01110010000000
10110001011101,11001110100010,11001110100011
101,110,111
1100000011,1011111100,1011111101
10,11,00
1,ERROR
11000010110110100,ERROR
0100,0100,0100
11100100111100,10011011000011,10011011000100
010000100,010000100,010000100
001100001010,001100001010,001100001010
111111,100000,100001
0000000101,0000000101,0000000101
0000010111,0000010111,0000010111
000,000,000
100111000010,111000111101,111000111110
100011,111100,111101
01100110010011,01100110010011,01100110010011
01011,01011,01011
1100000011,1011111100,1011111101
110110110,101001001,101001010
10011,11100,11101
001100,001100,001100
0011100001001,0011100001001,0011100001001
10,11,00
0011,0011,0011
10001001100100,11110110011011,11110110011100
101111100101,110000011010,110000011011
0010000111001,0010000111001,0010000111001
11011,10100,10101
000111110101,000111110101,000111110101
0,ERROR
1110101011,1001010100,1001010101
000110010111,000110010111,000110010111
11010,10101,10110
1100110001,1011001110,1011001111
010111110011010,010111110011010,010111110011010
11011101001100011,ERROR
01100000011,01100000011,01100000011
111,100,101
000010101011,000010101011,000010101011
0101,0101,0101
1,ERROR
100100,111011,111100
110101100,101010011,101010100
10010,11101,11110
11111100111000,10000011000111,10000011001000
1111,1000,1001
010011111,010011111,010011111
11100000101111,10011111010000,10011111010001
11011,10100,10101
,ERROR
111,100,101
000010010111000,000010010111000,000010010111000
1111011101001100,1000100010110011,1000100010110100
01001110100,01001110100,01001110100
000011001,000011001,000011001
1111000000101,1000111111010,1000111111011
100100110100111,111011001011000,111011001011001
101,110,111
110010,101101,101110
100010,111101,111110
1110011001100011,1001100110011100,1001100110011101
01,01,01
101,110,111
110100000111,101011111000,101011111001
100010,111101,111110
000011,000011,000011
001100110110101,001100110110101,001100110110101
0,ERROR
0100100101011,0100100101011,0100100101011
11001111,10110000,10110001
1010001110110111,1101110001001000,1101110001001001
0000000,0000000,0000000
110001110111,101110001000,101110001001
111001011111,100110100000,100110100001
000110,000110,000110
010101111000,010101111000,010101111000
01111110001011,01111110001011,01111110001011
00011010000001,00011010000001,00011010000001
01010111101001,01010111101001,01010111101001
10000,11111,00000
1011000,1100111,1101000
,ERROR
0110000000011100,0110000000011100,0110000000011100
0101110111100111,0101110111100111,0101110111100111
100101,111010,111011
0,ERROR
,ERROR
110111011,101000100,101000101
11010011,10101100,10101101
00110,00110,00110
10001011011100101,ERROR
1001010001,1110101110,1110101111
11001111100,10110000011,10110000100
0111011,0111011,0111011
101101111000,110010000111,110010001000
1011001010100111,1100110101011000,1100110101011001
011,011,011
00101000,00101000,00101000
01,01,01
0010001,0010001,0010001
0010110000011101,0010110000011101,0010110000011101
00,00,00
10,11,00
101110000,110001111,110010000
1011000101101111,1100111010010000,1100111010010001
010111001100110,010111001100110,010111001100110
101101010010,110010101101,110010101110
100100111,111011000,111011001
01101110010100010,ERROR
10,11,00
11001,10110,10111
0110011110011,0110011110011,0110011110011
0000101001010,0000101001010,0000101001010
001011001100111,001011001100111,001011001100111
,ERROR
,ERROR
,ERROR
10101001000010110,ERROR
111111001010,100000110101,100000110110
,ERROR
1110,1001,1010
111111,100000,100001
111000010000,100111101111,100111110000
00,00,00
0111101111001,0111101111001,0111101111001
1,ERROR
100111011010101,111000100101010,111000100101011
11011101101111,10100010010000,10100010010001
11111111100100,10000000011011,10000000011100
1,ERROR
011011001001,011011001001,011011001001
01000111001110011,ERROR
11011100100000,10100011011111,10100011100000
01,01,01
01000,01000,01000
11110100101100,10001011010011,10001011010100
111000011,100111100,100111101
,ERROR
101101100111010,110010011000101,110010011000110
0010110111010,0010110111010,0010110111010
1100001,1011110,1011111
11,10,00
0110,0110,0110
1000,1111,0000
0011000,0011000,0011000
00111111111110000,ERROR
10011000000010,11100111111101,11100111111110
001,001,001
010111111100110,010111111100110,010111111100110
011011010101,011011010101,011011010101
11,10,00
0011011,0011011,0011011
11,10,00
1101100010110,1010011101001,1010011101010
00,00,00
1001011111011,1110100000100,1110100000101
01001001000100,01001001000100,01001001000100
10001011110,11110100001,11110100010
111,100,101
1101110011,1010001100,1010001101
110111,101000,101001
0111011,0111011,0111011
10010100110,11101011001,11101011010
01010100,01010100,01010100
,ERROR
0111001100000111,0111001100000111,0111001100000111
010010111,010010111,010010111
01,01,01
101111001,110000110,110000111
01011001111110,01011001111110,01011001111110
1,ERROR
110100110111011,101011001000100,101011001000101
001011110011,001011110011,001011110011
0000111001001,0000111001001,0000111001001
111101000011010,100010111100101,100010111100110
111,100,101
11011101,10100010,10100011
0101111111,0101111111,0101111111
00111,00111,00111
0100011010101,0100011010101,0100011010101
,ERROR
100011110,111100001,111100010
1,ERROR
,ERROR
1000010101111,1111101010000,1111101010001
1101011,1010100,1010101
101101,110010,110011
1100000000,1011111111,0000000000
11,10,00
001011,001011,001011
0,ERROR
01000011,01000011,01000011
011011,011011,011011
000111,000111,000111
1011010000,1100101111,1100110000
110010101,101101010,101101011
0100111101010101,0100111101010101,0100111101010101
1100,1011,0000
010110110101110,010110110101110,010110110101110
00101101,00101101,00101101
,ERROR
00101110011,00101110011,00101110011
1001000110,1110111001,1110111010
00111000,00111000,00111000
0,ERROR
11110111101110111,ERROR
110100010010111,101011101101000,101011101101001
01110001110111100,ERROR
10001100010,11110011101,11110011110
1100110011001,1011001100110,1011001100111
1001110,1110001,1110010
0110001111011011,0110001111011011,0110001111011011
010111001100000,010111001100000,010111001100000
100111011010100,111000100101011,111000100101100
0110000101110,0110000101110,0110000101110
0100001111010,0100001111010,0100001111010
1110101010000101,1001010101111010,1001010101111011
10101000,11010111,11011000
101,110,111
11110111110011,10001000001100,10001000001101
1110000111000,1001111000111,1001111001000
1011001011011000,1100110100100111,1100110100101000
100100000,111011111,111100000
001001,001001,001001
00011111,00011111,00011111
1001,1110,1111
010110,010110,010110
011010,011010,011010
111,100,101
111100101110001,100011010001110,100011010001111
01000110101,01000110101,01000110101
1001100011111,1110011100000,1110011100001
,ERROR
0001111,0001111,0001111
0,ERROR
0110010001,0110010001,0110010001
010010101101110,010010101101110,010010101101110
0011,0011,0011
11001,10110,10111
0110,0110,0110
1000100,1111011,1111100
0111011101,0111011101,0111011101
1001100000101,1110011111010,1110011111011
000101000,000101000,000101000
110000100111101,101111011000010,101111011000011
0011,0011,0011
111111100010,100000011101,100000011110
00110001011001100,ERROR
01110010000100100,ERROR
00101110010011010,ERROR
1110100001010,1001011110101,1001011110110
1100,1011,0000
01001010000001101,ERROR
01010110010110,01010110010110,01010110010110
111000001110011,100111110001100,100111110001101
0100111,0100111,0100111
00101011,00101011,00101011
001110110101,001110110101,001110110101
110111100111,101000011000,101000011001
00010100010,00010100010,00010100010
11100,10011,10100
10,11,00
01111111011000011,ERROR
1010100110111011,1101011001000100,1101011001000101
01,01,01
01,01,01
01110101,01110101,01110101
10000001110001111,ERROR
0011010,0011010,0011010
100111001000,111000110111,111000111000
0110110110001011,0110110110001011,0110110110001011
1101001000010010,1010110111101101,1010110111101110
110100100,101011011,101011100
100011110101010,111100001010101,111100001010110
00001111010001,00001111010001,00001111010001
1100,1011,0000
010010,010010,010010
0100101011110,0100101011110,0100101011110
101011001011011,110100110100100,110100110100101
11100010001011001,ERROR
00100011101,00100011101,00100011101
11101001001100,10010110110011,10010110110100
00000001,00000001,00000001
101101001011,110010110100,110010110101
01010100111000,01010100111000,01010100111000
1010010110,1101101001,1101101010
,ERROR
10,11,00
011110,011110,011110
,ERROR
10100101010110101,ERROR
10111100000100101,ERROR
01010000111001,01010000111001,01010000111001
01111001,01111001,01111001
10101,11010,11011
011,011,011
0111011010,0111011010,0111011010
0001100100110110,0001100100110110,0001100100110110
10011010,11100101,11100110
1,ERROR
,ERROR
1001000111101,1110111000010,1110111000011
00,00,00
011000,011000,011000
00,00,00
1111110110,1000001001,1000001010
01010011100,01010011100,01010011100
1,ERROR
100111101110,111000010001,111000010010
110111111,101000000,101000001
1101,1010,1011
00111001110,00111001110,00111001110
1101001000001000,1010110111110111,1010110111111000
100010000110,111101111001,111101111010
11100101,10011010,10011011
11100010110,10011101001,10011101010
111,100,101
01110011010,01110011010,01110011010
00,00,00
1110110101111,1001001010000,1001001010001
00011000,00011000,00011000
000011000010011,000011000010011,000011000010011
01110,01110,01110
11000001011,10111110100,10111110101
11010101000000,10101010111111,10101011000000
0111111,0111111,0111111
1001110,1110001,1110010
1010011,1101100,1101101
1001100,1110011,1110100
1,ERROR
0001010010,0001010010,0001010010
00000010,00000010,00000010
11,10,00
1001001100,1110110011,1110110100
1100000110,1011111001,1011111010
0101000101111001,0101000101111001,0101000101111001
0101110100111001,0101110100111001,0101110100111001
11111010110,10000101001,10000101010
0011,0011,0011
001011110100111,001011110100111,001011110100111
0101011011000000,0101011011000000,0101011011000000
100000010011,111111101100,111111101101
0001111,0001111,0001111
11111,10000,10001
1111111,1000000,1000001
010101,010101,010101
111001101,100110010,100110011
0011111110101,0011111110101,0011111110101
1010100010000010,1101011101111101,1101011101111110
1000011,1111100,1111101
0010,0010,0010
100011111,111100000,111100001
100111100111000,111000011000111,111000011001000
011100011000,011100011000,011100011000
0,ERROR
0011,0011,0011
01101000110011011,ERROR
1001011111010,1110100000101,1110100000110
10100111000001010,ERROR
01110011,01110011,01110011
0110010000,0110010000,0110010000
000,000,000
0011011100,0011011100,0011011100
11,10,00
00101001,00101001,00101001
0001000011110001,0001000011110001,0001000011110001
1010011011111011,1101100100000100,1101100100000101
1101,1010,1011
000,000,000
100110100,111001011,111001100
00010,00010,00010
01110111,01110111,01110111
1000101111,1111010000,1111010001
10,11,00
0000110,0000110,0000110
01111100010100,01111100010100,01111100010100
100001101101,111110010010,111110010011
111101000,100010111,100011000
00,00,00
11,10,00
110000011,101111100,101111101
101111000011011,110000111100100,110000111100101
000000101110,000000101110,000000101110
11111,10000,10001
11,10,00
10011101001011,11100010110100,11100010110101
0110110,0110110,0110110
0010100000000,0010100000000,0010100000000
111010110100001,100101001011110,100101001011111
1010100010110100,1101011101001011,1101011101001100
1110111,1001000,1001001
01,01,01
111000011110,100111100001,100111100010
,ERROR
1101,1010,1011
00011101101,00011101101,00011101101
000011010100,000011010100,000011010100
010010,010010,010010
11100,10011,10100
0100100010011100,0100100010011100,0100100010011100
00000000111011011,ERROR
001000000,001000000,001000000
,ERROR
10011100,11100011,11100100
11011100011011100,ERROR
110011100110100,101100011001011,101100011001100
101,110,111
1,ERROR
101001101111000,110110010000111,110110010001000
11011111,10100000,10100001
1010111101,1101000010,1101000011
00001100001111,00001100001111,00001100001111
0010010,0010010,0010010
0101111010110,0101111010110,0101111010110
1111011,1000100,1000101
11001111,10110000,10110001
11,10,00
10110100000000100,ERROR
01101101,01101101,01101101
001010,001010,001010
11111010,10000101,10000110
1011,1100,1101
11111101010,10000010101,10000010110
011101,011101,011101
1100111111000101,1011000000111010,1011000000111011
0,ERROR
00,00,00
0110111110,0110111110,0110111110
00000010100,00000010100,00000010100
00111,00111,00111
001101,001101,001101
1011010,1100101,1100110
110,101,000
11000101001,10111010110,10111010111
011110111101,011110111101,011110111101
1010001010000110,1101110101111001,1101110101111010
110000,101111,000000
00110100,00110100,00110100
1110100001,1001011110,1001011111
01110001111,01110001111,01110001111
0111110100,0111110100,0111110100
10000,11111,00000
1111101,1000010,1000011
011111111011,011111111011,011111111011
100010,111101,111110
11,10,00
001110,001110,001110
0110000110101010,0110000110101010,0110000110101010
10,11,00
01011101,01011101,01011101
10,11,00
0011111,0011111,0011111
0111111,0111111,0111111
0010010,0010010,0010010
11001110000100101,ERROR
00111011011,00111011011,00111011011
11100001,10011110,10011111
1010100000011,1101011111100,1101011111101
1010011,1101100,1101101
0,ERROR
110100010,101011101,101011110
11110101001001,10001010110110,10001010110111
10111100100,11000011011,11000011100
100,111,000
10010,11101,11110
1010,1101,1110
1001101001101111,1110010110010000,1110010110010001
1100100111,1011011000,1011011001
1001,1110,1111
,ERROR
100101011111,111010100000,111010100001
101101110100,110010001011,110010001100
01011,01011,01011
001,001,001
01100,01100,01100
100101101,111010010,111010011
0100011,0100011,0100011
10010100001,11101011110,11101011111
00111011100110111,ERROR
1101011011,1010100100,1010100101
1,ERROR
000001011101110,000001011101110,000001011101110
0011010,0011010,0011010
,ERROR
0011110011001,0011110011001,0011110011001
1101000101,1010111010,1010111011
0,ERROR
101111101,110000010,110000011
10,11,00
111110001,100001110,100001111
0,ERROR
11101,10010,10011
011,011,011
1000011110011,1111100001100,1111100001101
101111001001100,110000110110011,110000110110100
011010,011010,011010
1000001,1111110,1111111
01010101011000110,ERROR
0,ERROR
00111011,00111011,00111011
11001111,10110000,10110001
01101011100010111,ERROR
111100001101100,100011110010011,100011110010100
01110110010111001,ERROR
0000000001000,0000000001000,0000000001000
101010100100100,110101011011011,110101011011100
,ERROR
110100011,101011100,101011101
0010001111111,0010001111111,0010001111111
0101101001,0101101001,0101101001
0100,0100,0100
1,ERROR
111001001100,100110110011,100110110100
11,10,00
0111111111,0111111111,0111111111
00011000,00011000,00011000
010110,010110,010110
1010100100,1101011011,1101011100
1000,1111,0000
11,10,00
0010,0010,0010
100011010110110,111100101001001,111100101001010
1101110110100110,1010001001011001,1010001001011010
00101000100110010,ERROR
0100,0100,0100
1001000100100,1110111011011,1110111011100
0010111000,0010111000,0010111000
00010101101011,00010101101011,00010101101011
1001101,1110010,1110011
001010000,001010000,001010000
110,101,000
110,101,000
,ERROR
00111,00111,00111
000011,000011,000011
111,100,101
011100,011100,011100
0110000,0110000,0110000
0010,0010,0010
0000000111101,0000000111101,0000000111101
11110001,10001110,10001111
11100111,10011000,10011001
1000010,1111101,1111110
01001000011101,01001000011101,01001000011101
0001001,0001001,0001001
0010101,0010101,0010101
10001111001110111,ERROR
,ERROR
111011101110111,100100010001000,100100010001001
001010101111101,001010101111101,001010101111101
11001101101110011,ERROR
00111,00111,00111
0000111011101,0000111011101,0000111011101
1000010010011000,1111101101100111,1111101101101000
0,ERROR
00,00,00
01011010101101000,ERROR
00001,00001,00001
111110,100001,100010
000111000,000111000,000111000
1011011010101011,1100100101010100,1100100101010101
110001010111,101110101000,101110101001
1111,1000,1001
01000010111,01000010111,01000010111
111010,100101,100110
01111,01111,01111
0110111101,0110111101,0110111101
111101011,100010100,100010101
1100,1011,0000
1101101000110100,1010010111001011,1010010111001100
0110011010,0110011010,0110011010
1010,1101,1110
000001101110,000001101110,000001101110
0000011011101,0000011011101,0000011011101
0001,0001,0001
111101,100010,100011
1,ERROR
01111100100000000,ERROR
00101111100,00101111100,00101111100
100111,111000,111001
11011100110000001,ERROR
1001110001,1110001110,1110001111
011,011,011
001000111,001000111,001000111
101,110,111
110111,101000,101001
0,ERROR
011101100,011101100,011101100
00001001,00001001,00001001
1110000110001,1001111001110,1001111001111
00000010011001101,ERROR
,ERROR
1111001111,1000110000,1000110001
0001110101110011,0001110101110011,0001110101110011
,ERROR
1111111,1000000,1000001
00011,00011,00011
1,ERROR
10,11,00
01100000111110,01100000111110,01100000111110
1100010111011101,1011101000100010,1011101000100011
1,ERROR
011000011111,011000011111,011000011111
,ERROR
1001101001011,1110010110100,1110010110101
1,ERROR
01111,01111,01111
1001010,1110101,1110110
01001,01001,01001
10110100000100100,ERROR
111101,100010,100011
1111101,1000010,1000011
1101100110000,1010011001111,1010011010000
001010010011,001010010011,001010010011
000100,000100,000100
0100001,0100001,0100001
101100000110,110011111001,110011111010
00110011000111011,ERROR
00110001101,00110001101,00110001101
00011000011010101,ERROR
0,ERROR
101,110,111
00100001001011101,ERROR
1011000110100110,1100111001011001,1100111001011010
110,101,000
0101111011,0101111011,0101111011
1,ERROR
110000,101111,000000
0100,0100,0100
1011110001111,1100001110000,1100001110001
100100010,111011101,111011110
010011,010011,010011
110100,101011,101100
,ERROR
000111011001,000111011001,000111011001
0,ERROR
000111011101,000111011101,000111011101
0100001,0100001,0100001
1111001,1000110,1000111
0,ERROR
011000,011000,011000
1011010011,1100101100,1100101101
1111011001,1000100110,1000100111
1001000110000,1110111001111,1110111010000
000010010100,000010010100,000010010100
00010000101001111,ERROR
100011110,111100001,111100010
1000110001,1111001110,1111001111
001,001,001
001001010,001001010,001001010
1100110,1011001,1011010
00,00,00
101011,110100,110101
0111000,0111000,0111000
001011000,001011000,001011000
10110010111,11001101000,11001101001
11,10,00
1,ERROR
00000001000000,00000001000000,00000001000000
00101000011,00101000011,00101000011
111011,100100,100101
11101001000,10010110111,10010111000
0100100,0100100,0100100
1010010,1101101,1101110
000100101011,000100101011,000100101011
1001110,1110001,1110010
0001110111101,0001110111101,0001110111101
101111110100,110000001011,110000001100
00101110001100,00101110001100,00101110001100
00010,00010,00010
111011010000,100100101111,100100110000
0011111,0011111,0011111
0011010,0011010,0011010
101010010100,110101101011,110101101100
11,10,00
000110011,000110011,000110011
00011000000100,00011000000100,00011000000100
10,11,00
0001000011,0001000011,0001000011
11010101,10101010,10101011
0001,0001,0001
011101,011101,011101
0010100111100,0010100111100,0010100111100
01101000110001,01101000110001,01101000110001
10011110010110010,ERROR
1110,1001,1010
0110,0110,0110
0110101001,0110101001,0110101001
10111010011001,11000101100110,11000101100111
11001000010010111,ERROR
100101110,111010001,111010010
101111,110000,110001
11101010110,10010101001,10010101010
11,10,00
1,ERROR
010111011000010,010111011000010,010111011000010
1010001011010010,1101110100101101,1101110100101110
111,100,101
00000110,00000110,00000110
10011000,11100111,11101000
0011100000000,0011100000000,0011100000000
0,ERROR
0000,0000,0000
0100001100,0100001100,0100001100
0,ERROR
11001111110111000,ERROR
00100110110001,00100110110001,00100110110001
101011110,110100001,110100010
1,ERROR
100111101111,111000010000,111000010001
01110011110,01110011110,01110011110
001111001110,001111001110,001111001110
0000101,0000101,0000101
0001000000,0001000000,0001000000
11111010,10000101,10000110
1001010010,1110101101,1110101110
1,ERROR
0,ERROR
0010000100100111,0010000100100111,0010000100100111
01,01,01
101011001101110,110100110010001,110100110010010
1,ERROR
001101100111000,001101100111000,001101100111000
110,101,000
011110110011011,011110110011011,011110110011011
0101,0101,0101
001010101110,001010101110,001010101110
00000100110001001,ERROR
011,011,011
00001110,00001110,00001110
0110001,0110001,0110001
1010001101011,1101110010100,1101110010101
1,ERROR
100010,111101,111110
11000011000100,10111100111011,10111100111100
1111101,1000010,1000011
110001111001,101110000110,101110000111
10101011,11010100,11010101
100100010000000,111011101111111,111011110000000
0101111100,0101111100,0101111100
100,111,000
001100,001100,001100
001001111010011,001001111010011,001001111010011
11000110,10111001,10111010
01101101111010,01101101111010,01101101111010
0011,0011,0011
1001101101101001,1110010010010110,1110010010010111
0011001011000,0011001011000,0011001011000
001110111101,001110111101,001110111101
011111000,011111000,011111000
101100000,110011111,110100000
1100,1011,0000
011010111,011010111,011010111
11,10,00
1,ERROR
000001101000,000001101000,000001101000
,ERROR
1,ERROR
0111111000010,0111111000010,0111111000010
1,ERROR
11001,10110,10111
011101,011101,011101
00111,00111,00111
01100,01100,01100
011010101100,011010101100,011010101100
101101011,110010100,110010101
010101110,010101110,010101110
,ERROR
110010111,101101000,101101001
0001101011011000,0001101011011000,0001101011011000
10101,11010,11011
0011101110011,0011101110011,0011101110011
1110100001101,1001011110010,1001011110011
010110,010110,010110
,ERROR
1,ERROR
0000001001,0000001001,0000001001
110111011011,101000100100,101000100101
111,100,101
1101,1010,1011
1010110111111110,1101001000000001,1101001000000010
101,110,111
10110,11001,11010
11111000101110,10000111010001,10000111010010
110010111,101101000,101101001
010,010,010
0,ERROR
00110100011111,00110100011111,00110100011111
011010101101,011010101101,011010101101
0101111101,0101111101,0101111101
0001101011,0001101011,0001101011
0110111110001,0110111110001,0110111110001
01000011100011111,ERROR
0100100101,0100100101,0100100101
1,ERROR
0111111001011000,0111111001011000,0111111001011000
0,ERROR
01100010101,01100010101,01100010101
110,101,000
0100,0100,0100
01111100,01111100,01111100
111,100,101
1000001111010,1111110000101,1111110000110
0111,0111,0111
010011001,010011001,010011001
0011000,0011000,0011000
0,ERROR
1000111010110,1111000101001,1111000101010
100011100,111100011,111100100
01,01,01
11010,10101,10110
1011001110011,1100110001100,1100110001101
1101101100,1010010011,1010010100
10,11,00
11100101,10011010,10011011
01100010,01100010,01100010
00,00,00
1111010100010001,1000101011101110,1000101011101111
1011,1100,1101
111,100,101
100111010100011,111000101011100,111000101011101
111011111010101,100100000101010,100100000101011
10001000111110111,ERROR
0001,0001,0001
10101110000,11010001111,11010010000
00010010111001000,ERROR
000,000,000
000111,000111,000111
1001100111,1110011000,1110011001
0010110101,0010110101,0010110101
11110010001,10001101110,10001101111
111010001101100,100101110010011,100101110010100
00000,00000,00000
1001110000,1110001111,1110010000
000010000,000010000,000010000
0110001,0110001,0110001
001111000111001,001111000111001,001111000111001
,ERROR
1101,1010,1011
10,11,00
1111110,1000001,1000010
00001010010010001,ERROR
0101100110110100,0101100110110100,0101100110110100
10110010,11001101,11001110
100,111,000
11,10,00
1111101100110,1000010011001,1000010011010
00,00,00
1,ERROR
100111011,111000100,111000101
10011001,11100110,11100111
01100100101,01100100101,01100100101
11010001,10101110,10101111
0110001111100,0110001111100,0110001111100
11010,10101,10110
1,ERROR
0101011101100011,0101011101100011,0101011101100011
1101,1010,1011
10000111111,11111000000,11111000001
111,100,101
1100,1011,0000
011011000110,011011000110,011011000110
0111,0111,0111
00111000011011111,ERROR
11010100111010110,ERROR
1100000011110000,1011111100001111,1011111100010000
10011011111,11100100000,11100100001
00110010101111000,ERROR
0011101000011,0011101000011,0011101000011
001001110,001001110,001001110
10111,11000,11001
1001,1110,1111
01011111100011010,ERROR
10000010111010110,ERROR
1100111100,1011000011,1011000100
10111001,11000110,11000111
100110001111,111001110000,111001110001
0011110101110100,0011110101110100,0011110101110100
,ERROR
0100000,0100000,0100000
010000,010000,010000
01101101,01101101,01101101
0010010110110011,0010010110110011,0010010110110011
000100100100101,000100100100101,000100100100101
11,10,00
11,10,00
0,ERROR
010010,010010,010010
001,001,001
1,ERROR
1,ERROR
100,111,000
1001010011010101,1110101100101010,1110101100101011
0010100111110110,0010100111110110,0010100111110110
110100110101010,101011001010101,101011001010110
11111101111000101,ERROR
110000010,101111101,101111110
1110100,1001011,1001100
101111100,110000011,110000100
0,ERROR
11001100,10110011,10110100
00101011010,00101011010,00101011010
100010110111,111101001000,111101001001
10000001,11111110,11111111
0010100001011010,0010100001011010,0010100001011010
0110101101,0110101101,0110101101
1100110011011,1011001100100,1011001100101
0100111000,0100111000,0100111000
00001000111111,00001000111111,00001000111111
11001011,10110100,10110101
100110001110001,111001110001110,111001110001111
,ERROR
11011100100100101,ERROR
101,110,111
11101111101,10010000010,10010000011
1001001111,1110110000,1110110001
10010111,11101000,11101001
1100100101111,1011011010000,1011011010001
110100110101001,101011001010110,101011001010111
00110100100000,00110100100000,00110100100000
,ERROR
01001100,01001100,01001100
100101101011,111010010100,111010010101
010010101011,010010101011,010010101011
0000101,0000101,0000101
110011111,101100000,101100001
101001000,110110111,110111000
0011011000,0011011000,0011011000
010000011010,010000011010,010000011010
1111111,1000000,1000001
00001111101111101,ERROR
11,10,00
00110001,00110001,00110001
00011011001111,00011011001111,00011011001111
10100011000000001,ERROR
1000111010001,1111000101110,1111000101111
0000011,0000011,0000011
10110,11001,11010
1010101011011010,1101010100100101,1101010100100110
100010010,111101101,111101110
1,ERROR
,ERROR
000110110000101,000110110000101,000110110000101
000,000,000
1110,1001,1010
1011,1100,1101
11,10,00
001101000,001101000,001101000
010111,010111,010111
00011001000000101,ERROR
01101111010101,01101111010101,01101111010101
001,001,001
101,110,111
001000001100101,001000001100101,001000001100101
000000000101001,000000000101001,000000000101001
01001010111010110,ERROR
111110000,100001111,100010000
010011101010001,010011101010001,010011101010001
1000100101,1111011010,1111011011
00111110111,00111110111,00111110111
1000100011111001,1111011100000110,1111011100000111
0011000,0011000,0011000
11110011000100,10001100111011,10001100111100
00,00,00
01010111010001,01010111010001,01010111010001
0000000001111011,0000000001111011,0000000001111011
11001011011011111,ERROR
00010,00010,00010
111,100,101
01000010011,01000010011,01000010011
1000001111,1111110000,1111110001
0,ERROR
011,011,011
010011110110100,010011110110100,010011110110100
100001111101,111110000010,111110000011
,ERROR
0110110,0110110,0110110
10100001,11011110,11011111
01,01,01
10100100101101000,ERROR
1,ERROR
0,ERROR
00101110,00101110,00101110
110,101,000
0111,0111,0111
11100111111,10011000000,10011000001
1100111,1011000,1011001
010111110011,010111110011,010111110011
0000100101101,0000100101101,0000100101101
11110111010110,10001000101001,10001000101010
,ERROR
10000000000110,11111111111001,11111111111010
001111,001111,001111
00111010100000100,ERROR
010000011111010,010000011111010,010000011111010
1,ERROR
10,11,00
00100101101,00100101101,00100101101
,ERROR
,ERROR
0101011001101,0101011001101,0101011001101
0101,0101,0101
,ERROR
10110101010,11001010101,11001010110
001101110100,001101110100,001101110100
11100010010100000,ERROR
0101000000101,0101000000101,0101000000101
00100100110,00100100110,00100100110
0101101110,0101101110,0101101110
10,11,00
1000111010111,1111000101000,1111000101001
001100110,001100110,001100110
10011011101111,11100100010000,11100100010001
100,111,000
00110010010001111,ERROR
101100,110011,110100
001010,001010,001010
011,011,011
,ERROR
010,010,010
1101000,1010111,1011000
001001000100000,001001000100000,001001000100000
101111101100111,110000010011000,110000010011001
10000110001111111,ERROR
0001,0001,0001
000100101010,000100101010,000100101010
01110,01110,01110
0000011,0000011,0000011
011001011110,011001011110,011001011110
1100100,1011011,1011100
100110111100110,111001000011001,111001000011010
100111,111000,111001
0000011101000,0000011101000,0000011101000
0001010,0001010,0001010
1010110,1101001,1101010
01001010110100,01001010110100,01001010110100
110100000001011,101011111110100,101011111110101
0110110001,0110110001,0110110001
11110100111101011,ERROR
111,100,101
00011111,00011111,00011111
01001000001011111,ERROR
10010001010111011,ERROR
101110011,110001100,110001101
1,ERROR
1101111000,1010000111,1010001000
0,ERROR
00101100110010,00101100110010,00101100110010
0100000111001010,0100000111001010,0100000111001010
01110001110101110,ERROR
110001,101110,101111
,ERROR
001101,001101,001101
110000110011001,101111001100110,101111001100111
0111001110,0111001110,0111001110
0111001010111,0111001010111,0111001010111
111,100,101
1100111,1011000,1011001
11101001111001111,ERROR
110000110,101111001,101111010
011010001110,011010001110,011010001110
011000010,011000010,011000010
10110010111001011,ERROR
0111010011,0111010011,0111010011
110001010101011,101110101010100,101110101010101
010010,010010,010010
000000101110,000000101110,000000101110
01100,01100,01100
101000110,110111001,110111010
100010010101000,111101101010111,111101101011000
110011011110000,101100100001111,101100100010000
11111000011,10000111100,10000111101
100,111,000
0,ERROR
1000101111,1111010000,1111010001
11,10,00
0101,0101,0101
10,11,00
0101,0101,0101
,ERROR
0001011011,0001011011,0001011011
10110010100,11001101011,11001101100
111,100,101
1111100001000111,1000011110111000,1000011110111001
0000001,0000001,0000001
10100111111,11011000000,11011000001
1011011,1100100,1100101
0011010101,0011010101,0011010101
00001101101011110,ERROR
0100100001010,0100100001010,0100100001010
011101100011,011101100011,011101100011
001011001001001,001011001001001,001011001001001
101100,110011,110100
000000100100,000000100100,000000100100
0010010011110,0010010011110,0010010011110
011100101011001,011100101011001,011100101011001
11,10,00
1000000100,1111111011,1111111100
10011,11100,11101
111101,100010,100011
11011101010011010,ERROR
,ERROR
10010001110,11101110001,11101110010
100011111010,111100000101,111100000110
1100,1011,0000
0101001011,0101001011,0101001011
011011000000,011011000000,011011000000
0010,0010,0010
1111100,1000011,1000100
,ERROR
01,01,01
1100101101011111,1011010010100000,1011010010100001
01010000100101000,ERROR
0110110100000,0110110100000,0110110100000
100010011001011,111101100110100,111101100110101
0110110100001101,0110110100001101,0110110100001101
0011111000,0011111000,0011111000
0101,0101,0101
10,11,00
0001010,0001010,0001010
010110001001101,010110001001101,010110001001101
0000001101000010,0000001101000010,0000001101000010
110100100100,101011011011,101011011100
01110,01110,01110
11,10,00
100111010,111000101,111000110
11001010001110,10110101110001,10110101110010
000100111111,000100111111,000100111111
1111000011100,1000111100011,1000111100100
00110,00110,00110
1100,1011,0000
0,ERROR
00000011100101,00000011100101,00000011100101
,ERROR
,ERROR
,ERROR
101111011010011,110000100101100,110000100101101
01001,01001,01001
10011,11100,11101
1101110111000,1010001000111,1010001001000
001001100011000,001001100011000,001001100011000
11001111111000101,ERROR
10011100,11100011,11100100
11111011000,10000100111,10000101000
,ERROR
00000111,00000111,00000111
01111001,01111001,01111001
110,101,000
11,10,00
110011111,101100000,101100001
011000,011000,011000
10110101,11001010,11001011
00101,00101,00101
111,100,101
,ERROR
101,110,111
000000000100101,000000000100101,000000000100101
1111010101,1000101010,1000101011
00000,00000,00000
0000110011001110,0000110011001110,0000110011001110
010,010,010
0010011101000100,0010011101000100,0010011101000100
101000,110111,111000
10111000100,11000111011,11000111100
011000111111,011000111111,011000111111
1000011,1111100,1111101
1,ERROR
0001111,0001111,0001111
11010001,10101110,10101111
110,101,000
101100,110011,110100
0100,0100,0100
011,011,011
10111000111010111,ERROR
001001001000,001001001000,001001001000
,ERROR
1101,1010,1011
010001010100,010001010100,010001010100
011010001,011010001,011010001
011011110111011,011011110111011,011011110111011
0000011101111000,0000011101111000,0000011101111000
1010111001111,1101000110000,1101000110001
1110011011,1001100100,1001100101
10011,11100,11101
10110011111001101,ERROR
00011,00011,00011
01011101011000,01011101011000,01011101011000
01000110110000110,ERROR
111001,100110,100111
0010001101,0010001101,0010001101
0010100,0010100,0010100
01111,01111,01111
1,ERROR
100,111,000
10101101100011,11010010011100,11010010011101
1010010110,1101101001,1101101010
10000000,11111111,00000000
0111101011,0111101011,0111101011
0011011101,0011011101,0011011101
10111001,11000110,11000111
,ERROR
10011101,11100010,11100011
,ERROR
00100,00100,00100
01001,01001,01001
01010010,01010010,01010010
1111,1000,1001
0100101101,0100101101,0100101101
0011,0011,0011
1100100101100,1011011010011,1011011010100
0111,0111,0111
010010101100,010010101100,010010101100
101000100,110111011,110111100
0,ERROR
01111100101110,01111100101110,01111100101110
0010001,0010001,0010001
10100,11011,11100
11,10,00
00,00,00
11111101100111010,ERROR
110111010010,101000101101,101000101110
100010111111,111101000000,111101000001
000110100111011,000110100111011,000110100111011
010,010,010
1010110011110,1101001100001,1101001100010
11100100110100111,ERROR
010001110,010001110,010001110
1111,1000,1001
1111100010000,1000011101111,1000011110000
00111111100100,00111111100100,00111111100100
1000100,1111011,1111100
10111101,11000010,11000011
0,ERROR
100,111,000
01000010111,01000010111,01000010111
10101000,11010111,11011000
101,110,111
001,001,001
010,010,010
1110101,1001010,1001011
111101,100010,100011
0,ERROR
101101001,110010110,110010111
11,10,00
00,00,00
01,01,01
,ERROR
110000,101111,000000
01001110001,01001110001,01001110001
,ERROR
110110,101001,101010
10001001,11110110,11110111
0,ERROR
10111010111000101,ERROR
11111111,10000000,10000001
11011101000000,10100010111111,10100011000000
0,ERROR
10100,11011,11100
101001010110,110110101001,110110101010
1001010001110,1110101110001,1110101110010
11010111101111,10101000010000,10101000010001
11,10,00
10100011110100100,ERROR
01000011000100,01000011000100,01000011000100
10111100010001101,ERROR
01,01,01
01011,01011,01011
0011001001,0011001001,0011001001
1101,1010,1011
01011110000100,01011110000100,01011110000100
,ERROR
01001,01001,01001
00,00,00
0001101011111,0001101011111,0001101011111
01,01,01
100,111,000
010010110,010010110,010010110
0010000,0010000,0010000
011,011,011
00010,00010,00010
110001011101100,101110100010011,101110100010100
00111011011110100,ERROR
101101001,110010110,110010111
00101101000,00101101000,00101101000
,ERROR
11111000111,10000111000,10000111001
010110011101001,010110011101001,010110011101001
00110101101001,00110101101001,00110101101001
10101,11010,11011
1101,1010,1011
010,010,010
1111111010111,1000000101000,1000000101001
00101100001011,00101100001011,00101100001011
10110001000011001,ERROR
10000010,11111101,11111110
,ERROR
0111101,0111101,0111101
10010011001100,11101100110011,11101100110100
0100100000111110,0100100000111110,0100100000111110
100000,111111,000000
10011,11100,11101
111011011,100100100,100100101
100110010111,111001101000,111001101001
01110,01110,01110
1,ERROR
01001001111000,01001001111000,01001001111000
11011101111000010,ERROR
01110100100100111,ERROR
001110001111,001110001111,001110001111
,ERROR
10111110101010,11000001010101,11000001010110
1,ERROR
100110,111001,111010
0000011000100000,0000011000100000,0000011000100000
110000110111010,101111001000101,101111001000110
00,00,00
,ERROR
01,01,01
110101011001010,101010100110101,101010100110110
110,101,000
11111100110101011,ERROR
01011000101010000,ERROR
0000111,0000111,0000111
0000,0000,0000
0101010101000,0101010101000,0101010101000
01111001,01111001,01111001
1,ERROR
011101110101,011101110101,011101110101
,ERROR
11100000000111010,ERROR
1,ERROR
0100001001001001,0100001001001001,0100001001001001
110110010101100,101001101010011,101001101010100
0,ERROR
000,000,000
1001001000,1110110111,1110111000
0,ERROR
0010000110101,0010000110101,0010000110101
0001001010,0001001010,0001001010
1000001,1111110,1111111
0101,0101,0101
110111100101,101000011010,101000011011
1011110,1100001,1100010
0101101,0101101,0101101
111000001111001,100111110000110,100111110000111
0010010001001110,0010010001001110,0010010001001110
100,111,000
01001011000111,01001011000111,01001011000111
1,ERROR
101001100010100,110110011101011,110110011101100
1,ERROR
000111111110,000111111110,000111111110
1001111001001101,1110000110110010,1110000110110011
0010010000110100,0010010000110100,0010010000110100
111101,100010,100011
01101111000101011,ERROR
00110100100000111,ERROR
01000001,01000001,01000001
0100111,0100111,0100111
111000011,100111100,100111101
0111,0111,0111
11101011110111110,ERROR
0111,0111,0111
11111110,10000001,10000010
000,000,000
00011111010101,00011111010101,00011111010101
010001100,010001100,010001100
10001101111,11110010000,11110010001
,ERROR
010111110111,010111110111,010111110111
001000001011,001000001011,001000001011
111,100,101
1111100100,1000011011,1000011100
1111101101,1000010010,1000010011
101111111111100,110000000000011,110000000000100
0100110011,0100110011,0100110011
110110,101001,101010
11,10,00
0111000,0111000,0111000
10,11,00
000100111111,000100111111,000100111111
011100011010000,011100011010000,011100011010000
010010011111010,010010011111010,010010011111010
100,111,000
00100,00100,00100
00010000,00010000,00010000
10111,11000,11001
0010101110100,0010101110100,0010101110100
01110111,01110111,01110111
0110110010,0110110010,0110110010
01000011111,01000011111,01000011111
01111010001011,01111010001011,01111010001011
1,ERROR
0011101011011,0011101011011,0011101011011
1101100,1010011,1010100
01000101110001,01000101110001,01000101110001
01111100,01111100,01111100
01001,01001,01001
11100111010111101,ERROR
1011111001100011,1100000110011100,1100000110011101
1111010001,1000101110,1000101111
10001011010111,11110100101000,11110100101001
0110111111,0110111111,0110111111
1,ERROR
110000101111,101111010000,101111010001
01001,01001,01001
101011010000,110100101111,110100110000
01,01,01
01100111000,01100111000,01100111000
1,ERROR
1000001000111,1111110111000,1111110111001
00,00,00
000101,000101,000101
00111000,00111000,00111000
1111111101,1000000010,1000000011
101,110,111
0001100100101,0001100100101,0001100100101
1111110110000001,1000001001111110,1000001001111111
01001,01001,01001
100111,111000,111001
00101010010000101,ERROR
011,011,011
11011011011101,10100100100010,10100100100011
00111110110100,00111110110100,00111110110100
10001011,11110100,11110101
101001011,110110100,110110101
000110,000110,000110
10010100,11101011,11101100
101111,110000,110001
0010001,0010001,0010001
0000110000,0000110000,0000110000
01,01,01
11010000101,10101111010,10101111011
1110010100111,1001101011000,1001101011001
110,101,000
1001010101001110,1110101010110001,1110101010110010
000111010001,000111010001,000111010001
,ERROR
0001001,0001001,0001001
0101,0101,0101
11110111010,10001000101,10001000110
111011,100100,100101
101010110101001,110101001010110,110101001010111
0010111011010,0010111011010,0010111011010
,ERROR
111101110,100010001,100010010
0000001111101,0000001111101,0000001111101
010,010,010
01010110010110111,ERROR
11100100010010011,ERROR
11,10,00
11,10,00
1101001,1010110,1010111
100111111110000,111000000001111,111000000010000
101101,110010,110011
,ERROR
0,ERROR
0011110000001,0011110000001,0011110000001
011011101000110,011011101000110,011011101000110
1,ERROR
1100001011000010,1011110100111101,1011110100111110
0100001111110001,0100001111110001,0100001111110001
010,010,010
0001100011110,0001100011110,0001100011110
0100,0100,0100
01,01,01
1,ERROR
10110111110000,11001000001111,11001000010000
10100,11011,11100
11100,10011,10100
1100001110110001,1011110001001110,1011110001001111
00,00,00
001111011011,001111011011,001111011011
100,111,000
010101010101110,010101010101110,010101010101110
10011100,11100011,11100100
11,10,00
111100101110000,100011010001111,100011010010000
0110011,0110011,0110011
101,110,111
0011011001111,0011011001111,0011011001111
00111011,00111011,00111011
,ERROR
00111111010101010,ERROR
1110001000000000,1001110111111111,1001111000000000
,ERROR
1011111001000,1100000110111,1100000111000
111001001000,100110110111,100110111000
01001000111,01001000111,01001000111
101011001100,110100110011,110100110100
,ERROR
1010111,1101000,1101001
011010,011010,011010
0011111110111,0011111110111,0011111110111
1101,1010,1011
11001101,10110010,10110011
0001011001101,0001011001101,0001011001101
1011111110110,1100000001001,1100000001010
10011001001011,11100110110100,11100110110101
0011011100010,0011011100010,0011011100010
0101,0101,0101
,ERROR
0100101,0100101,0100101
1101000,1010111,1011000
11101011011110,10010100100001,10010100100010
1,ERROR
101110000100100,110001111011011,110001111011100
10000101,11111010,11111011
1000010100000001,1111101011111110,1111101011111111
000100101110101,000100101110101,000100101110101
,ERROR
,ERROR
11101100,10010011,10010100
,ERROR
011100110011010,011100110011010,011100110011010
0101111,0101111,0101111
111100000101001,100011111010110,100011111010111
11010,10101,10110
10100,11011,11100
1,ERROR
11000111010011000,ERROR
111,100,101
000001111000,000001111000,000001111000
001,001,001
00,00,00
000001,000001,000001
000110,000110,000110
1001111111110110,1110000000001001,1110000000001010
1100101,1011010,1011011
1000000,1111111,0000000
01111,01111,01111
101111100100110,110000011011001,110000011011010
111010100100,100101011011,100101011100
100010100000,111101011111,111101100000
0001001001,0001001001,0001001001
0010100100110000,0010100100110000,0010100100110000
00010110111,00010110111,00010110111
010010100000101,010010100000101,010010100000101
111100,100011,100100
1101001110110,1010110001001,1010110001010
00101110001,00101110001,00101110001
10,11,00
11101001100110100,ERROR
01000010,01000010,01000010
,ERROR
0001000011111111,0001000011111111,0001000011111111
1,ERROR
001110101010010,001110101010010,001110101010010
10,11,00
1,ERROR
000000100010111,000000100010111,000000100010111
,ERROR
1101010,1010101,1010110
01101110100011,01101110100011,01101110100011
,ERROR
0010100,0010100,0010100
010101,010101,010101
011000010000111,011000010000111,011000010000111
0,ERROR
010100,010100,010100
10110001110101010,ERROR
110111011100000,101000100011111,101000100100000
00101011,00101011,00101011
00001101,00001101,00001101
01101000010110110,ERROR
10111110100101,11000001011010,11000001011011
0,ERROR
11,10,00
01100010101001111,ERROR
11100,10011,10100
110110111101,101001000010,101001000011
001011100010001,001011100010001,001011100010001
011,011,011
11000110111111101,ERROR
110111010010111,101000101101000,101000101101001
0100000110010100,0100000110010100,0100000110010100
0000100,0000100,0000100
1011100110,1100011001,1100011010
0110,0110,0110
11011000100011,10100111011100,10100111011101
,ERROR
00111010011000001,ERROR
000010111011,000010111011,000010111011
,ERROR
0110001,0110001,0110001
01011011,01011011,01011011
011010110,011010110,011010110
01,01,01
0010,0010,0010
1101,1010,1011
010101000111111,010101000111111,010101000111111
001101010,001101010,001101010
1111001,1000110,1000111
1,ERROR
0101000101,0101000101,0101000101
000,000,000
010,010,010
100111100111011,111000011000100,111000011000101
010011010010,010011010010,010011010010
11001001001011001,ERROR
1101111000000,1010000111111,1010001000000
0,ERROR
10000110111000100,ERROR
010110,010110,010110
,ERROR
101110011010111,110001100101000,110001100101001
1001000010,1110111101,1110111110
100110,111001,111010
0,ERROR
001100011011,001100011011,001100011011
001000,001000,001000
00001010,00001010,00001010
111011,100100,100101
11001100,10110011,10110100
000110000001,000110000001,000110000001
11101010110110010,ERROR
010010,010010,010010
11100011110000,10011100001111,10011100010000
111010101,100101010,100101011
11101000100101101,ERROR
10,11,00
0111110101100101,0111110101100101,0111110101100101
00111110011111001,ERROR
0000001101011,0000001101011,0000001101011
0,ERROR
1,ERROR
01000010111111010,ERROR
0111101000101100,0111101000101100,0111101000101100
1001100010,1110011101,1110011110
0101,0101,0101
0110000,0110000,0110000
0,ERROR
100011111,111100000,111100001
11,10,00
0111,0111,0111
01010,01010,01010
1,ERROR
111100110,100011001,100011010
10,11,00
011100111,011100111,011100111
10100111,11011000,11011001
11,10,00
1100010111001110,1011101000110001,1011101000110010
01111110010,01111110010,01111110010
1101001100,1010110011,1010110100
1000100100100,1111011011011,1111011011100
1000,1111,0000
11001001111,10110110000,10110110001
01011000110,01011000110,01011000110
0001011111,0001011111,0001011111
1101001101101111,1010110010010000,1010110010010001
111,100,101
11010111000,10101000111,10101001000
01010,01010,01010
000100011000,000100011000,000100011000
11011001010110110,ERROR
000111011100,000111011100,000111011100
01010110010,01010110010,01010110010
0100100000011,0100100000011,0100100000011
110010100011001,101101011100110,101101011100111
,ERROR
100011001,111100110,111100111
1111110011010,1000001100101,1000001100110
,ERROR
1100010101,1011101010,1011101011
0,ERROR
1,ERROR
,ERROR
01,01,01
0,ERROR
100011110110,111100001001,111100001010
11111110101001,10000001010110,10000001010111
1110010100111,1001101011000,1001101011001
01010100110101011,ERROR
01000101111110100,ERROR
010000100,010000100,010000100
101,110,111
101101101001,110010010110,110010010111
0110010011010001,0110010011010001,0110010011010001
110100010001000,101011101110111,101011101111000
010000100,010000100,010000100
1110011,1001100,1001101
0110110001110,0110110001110,0110110001110
101111,110000,110001
0110111100000,0110111100000,0110111100000
01100100111001,01100100111001,01100100111001
1011000000001101,1100111111110010,1100111111110011
1010000101,1101111010,1101111011
,ERROR
10001,11110,11111
11111000100100,10000111011011,10000111011100
0000100111000110,0000100111000110,0000100111000110
1000010110000,1111101001111,1111101010000
0000101111010011,0000101111010011,0000101111010011
01000001110011,01000001110011,01000001110011
,ERROR
000,000,000
01100101,01100101,01100101
01000100001000011,ERROR
011101,011101,011101
010110000000,010110000000,010110000000
011001001,011001001,011001001
00010010110100,00010010110100,00010010110100
10010101000101,11101010111010,11101010111011
0010100100110011,0010100100110011,0010100100110011
0111100110,0111100110,0111100110
00101000000,00101000000,00101000000
1010,1101,1110
00110110011,00110110011,00110110011
1000000101101,1111111010010,1111111010011
100110,111001,111010
0011011011011,0011011011011,0011011011011
11001011010000000,ERROR
,ERROR
11,10,00
001,001,001
1001110,1110001,1110010
001110010,001110010,001110010
11001101000,10110010111,10110011000
0,ERROR
01110,01110,01110
10,11,00
10101000110,11010111001,11010111010
0100001110100010,0100001110100010,0100001110100010
010111000010,010111000010,010111000010
10101110,11010001,11010010
1100101101,1011010010,1011010011
00100000110011111,ERROR
100101110101011,111010001010100,111010001010101
011,011,011
01110000010010111,ERROR
0001100111011,0001100111011,0001100111011
010101,010101,010101
10,11,00
1,ERROR
,ERROR
0000000010,0000000010,0000000010
10110010001100,11001101110011,11001101110100
111001,100110,100111
01011,01011,01011
1101101010110,1010010101001,1010010101010
101101,110010,110011
001011,001011,001011
0111010,0111010,0111010
1001011010100,1110100101011,1110100101100
0011101,0011101,0011101
10010111101,11101000010,11101000011
00011,00011,00011
1101010,1010101,1010110
11001001011101,10110110100010,10110110100011
0101010010111111,0101010010111111,0101010010111111
1001010101101001,1110101010010110,1110101010010111
0010,0010,0010
010,010,010
000010011101,000010011101,000010011101
000000101111000,000000101111000,000000101111000
11111001,10000110,10000111
01100110010000,01100110010000,01100110010000
0101010,0101010,0101010
0000110,0000110,0000110
0100,0100,0100
10,11,00
000110001010010,000110001010010,000110001010010
00010101011110100,ERROR
110,101,000
,ERROR
01010,01010,01010
01001,01001,01001
11011100100110011,ERROR
111011011,100100100,100100101
011,011,011
100000101100,111111010011,111111010100
0,ERROR
1010111001,1101000110,1101000111
11011001100001,10100110011110,10100110011111
11011110101,10100001010,10100001011
01111010110001000,ERROR
01110010,01110010,01110010
1110000100,1001111011,1001111100
011111111010001,011111111010001,011111111010001
1010110111101,1101001000010,1101001000011
0001101100010010,0001101100010010,0001101100010010
000000011111011,000000011111011,000000011111011
0110000001,0110000001,0110000001
1100001000,1011110111,1011111000
11011000110011,10100111001100,10100111001101
001001000,001001000,001001000
000010111101100,000010111101100,000010111101100
1011000001101,1100111110010,1100111110011
101011011010,110100100101,110100100110
00,00,00
1111011111010001,1000100000101110,1000100000101111
00010000100000,00010000100000,00010000100000
011111000000101,011111000000101,011111000000101
001,001,001
111,100,101
0110111101010,0110111101010,0110111101010
0,ERROR
10010101110000101,ERROR
010101101,010101101,010101101
01,01,01
00010,00010,00010
1,ERROR
000100001001,000100001001,000100001001
1101110000,1010001111,1010010000
,ERROR
11001011110,10110100001,10110100010
1011101,1100010,1100011
1000100,1111011,1111100
0,ERROR
001011001001011,001011001001011,001011001001011
1100110000010,1011001111101,1011001111110
1000000011,1111111100,1111111101
1110110011,1001001100,1001001101
00,00,00
0,ERROR
01000011100101000,ERROR
11110001100010,10001110011101,10001110011110
11101111101110011,ERROR
1010100101111111,1101011010000000,1101011010000001
11,10,00
10101111,11010000,11010001
110,101,000
010000011,010000011,010000011
,ERROR
111000010001,100111101110,100111101111
01,01,01
0110000000001100,0110000000001100,0110000000001100
1110,1001,1010
,ERROR
10010001011,11101110100,11101110101
110000,101111,000000
0111111,0111111,0111111
00100111110101011,ERROR
0101000,0101000,0101000
01100101111101011,ERROR
1101111111001000,1010000000110111,1010000000111000
1110111,1001000,1001001
1101110111,1010001000,1010001001
00,00,00
10001111011,11110000100,11110000101
01110011,01110011,01110011
111,100,101
0101101011101110,0101101011101110,0101101011101110
,ERROR
110100000010001,101011111101110,101011111101111
,ERROR
110000111,101111000,101111001
110111,101000,101001
,ERROR
0111100011001000,0111100011001000,0111100011001000
1010001100000,1101110011111,1101110100000
000000101100011,000000101100011,000000101100011
01001101111001,01001101111001,01001101111001
100110,111001,111010
1001101001010,1110010110101,1110010110110
1011,1100,1101
00,00,00
101,110,111
1,ERROR
0,ERROR
10,11,00
010111101001000,010111101001000,010111101001000
00011,00011,00011
01110,01110,01110
11,10,00
00001010110,00001010110,00001010110
01000011100011001,ERROR
01010,01010,01010
0101,0101,0101
101010110010,110101001101,110101001110
00110110110100,00110110110100,00110110110100
100100111,111011000,111011001
001100100001,001100100001,001100100001
,ERROR
01110,01110,01110
0100111111,0100111111,0100111111
011010,011010,011010
10111,11000,11001
000,000,000
011110011,011110011,011110011
1,ERROR
00100000110111111,ERROR
1,ERROR
001000,001000,001000
10111100010111,11000011101000,11000011101001
00110,00110,00110
0111,0111,0111
,ERROR
100011010,111100101,111100110
1101011011101100,1010100100010011,1010100100010100
111001100010111,100110011101000,100110011101001
0101,0101,0101
11,10,00
1010001,1101110,1101111
000011011100011,000011011100011,000011011100011
11,10,00
011011000,011011000,011011000
001111001,001111001,001111001
0,ERROR
,ERROR
0001010,0001010,0001010
1,ERROR
100010,111101,111110
100,111,000
1001001111011010,1110110000100101,1110110000100110
011,011,011
1,ERROR
11110100001010111,ERROR
111001,100110,100111
001010100,001010100,001010100
1000101,1111010,1111011
1111100010011011,1000011101100100,1000011101100101
10011,11100,11101
0000100,0000100,0000100
10101001110101101,ERROR
0001000001,0001000001,0001000001
00101101010,00101101010,00101101010
11011,10100,10101
0,ERROR
000111001011,000111001011,000111001011
1111110100000111,1000001011111000,1000001011111001
001,001,001
0010100010,0010100010,0010100010
1110,1001,1010
0110000,0110000,0110000
10,11,00
001010,001010,001010
10000111010,11111000101,11111000110
,ERROR
,ERROR
1,ERROR
01100000010001111,ERROR
000110,000110,000110
001011110111,001011110111,001011110111
00101110111,00101110111,00101110111
00111100111,00111100111,00111100111
10000101101001011,ERROR
01101011000,01101011000,01101011000
,ERROR
000010110101,000010110101,000010110101
1000111,1111000,1111001
11110110,10001001,10001010
10011,11100,11101
0,ERROR
00111111,00111111,00111111
111,100,101
101101011001,110010100110,110010100111
,ERROR
101101101,110010010,110010011
01101010010101,01101010010101,01101010010101
00,00,00
,ERROR
00011111,00011111,00011111
1101,1010,1011
0110,0110,0110
,ERROR
1000,1111,0000
0011,0011,0011
0100010000,0100010000,0100010000
001,001,001
000010110,000010110,000010110
100000001,111111110,111111111
10,11,00
11101001010100000,ERROR
00101010,00101010,00101010
01000001,01000001,01000001
00101000011001100,ERROR
011111011101,011111011101,011111011101
11010111010100,10101000101011,10101000101100
0011100111010,0011100111010,0011100111010
01100110100000,01100110100000,01100110100000
00001100,00001100,00001100
1111010110010101,1000101001101010,1000101001101011
1011001,1100110,1100111
000010,000010,000010
10001100001101000,ERROR
11011011110,10100100001,10100100010
0100011,0100011,0100011
0000000110,0000000110,0000000110
0,ERROR
01000001001,01000001001,01000001001
11101,10010,10011
00,00,00
1,ERROR
00010,00010,00010
111010101,100101010,100101011
0000000101101111,0000000101101111,0000000101101111
0011111100110111,0011111100110111,0011111100110111
0110011010100,0110011010100,0110011010100
1111110010,1000001101,1000001110
0111,0111,0111
011100,011100,011100
10000110111100,11111001000011,11111001000100
10001,11110,11111
110111,101000,101001
01000010011110011,ERROR
10,11,00
0,ERROR
111111110000,100000001111,100000010000
0111110000001011,0111110000001011,0111110000001011
1011100111,1100011000,1100011001
1001000111001011,1110111000110100,1110111000110101
0000100001000,0000100001000,0000100001000
10001010,11110101,11110110
10100010011,11011101100,11011101101
11000,10111,00000
10101,11010,11011
11101101011111010,ERROR
1011111111000100,1100000000111011,1100000000111100
0,ERROR
1100101111110100,1011010000001011,1011010000001100
01,01,01
0011,0011,0011
11,10,00
0011101000001,0011101000001,0011101000001
0111001110010,0111001110010,0111001110010
01011100110,01011100110,01011100110
011101110,011101110,011101110
1,ERROR
,ERROR
10111000000101000,ERROR
11010010011,10101101100,10101101101
00011011010101,00011011010101,00011011010101
1101,1010,1011
,ERROR
1,ERROR
11000010101100,10111101010011,10111101010100
11,10,00
0110,0110,0110
101010100,110101011,110101100
1001111100000,1110000011111,1110000100000
1010,1101,1110
,ERROR
110001,101110,101111
,ERROR
110001100010010,101110011101101,101110011101110
10010000100111100,ERROR
100110000110,111001111001,111001111010
0101,0101,0101
010,010,010
0100010,0100010,0100010
100,111,000
,ERROR
1,ERROR
0000,0000,0000
0100010110000110,0100010110000110,0100010110000110
10,11,00
0111,0111,0111
1,ERROR
1110011100001,1001100011110,1001100011111
00100100111,00100100111,00100100111
10000000001000000,ERROR
1111011,1000100,1000101
100,111,000
0111111,0111111,0111111
1101,1010,1011
01110111110110,01110111110110,01110111110110
1010011000111,1101100111000,1101100111001
01010100110111,01010100110111,01010100110111
111111,100000,100001
11011010000100111,ERROR
010000,010000,010000
1111,1000,1001
,ERROR
00001000101,00001000101,00001000101
01101,01101,01101
01100100,01100100,01100100
110,101,000
11100011,10011100,10011101
111100,100011,100100
00010,00010,00010
,ERROR
0011,0011,0011
00100111,00100111,00100111
0100011000110010,0100011000110010,0100011000110010
11011011010,10100100101,10100100110
010010001001111,010010001001111,010010001001111
1,ERROR
010011011011100,010011011011100,010011011011100
01011,01011,01011
000010100101,000010100101,000010100101
001110101,001110101,001110101
00000111110011011,ERROR
00011,00011,00011
10011111100010,11100000011101,11100000011110
00100111100,00100111100,00100111100
011111110000,011111110000,011111110000
00011,00011,00011
1011111,1100000,1100001
00100011010000,00100011010000,00100011010000
0110000011100,0110000011100,0110000011100
0000001001,0000001001,0000001001
1001110111110,1110001000001,1110001000010
1110,1001,1010
1101000,1010111,1011000
01010111111010000,ERROR
1000010101110,1111101010001,1111101010010
011111,011111,011111
00,00,00
01100000,01100000,01100000
1001001001011011,1110110110100100,1110110110100101
101110010,110001101,110001110
011100100,011100100,011100100
11111101,10000010,10000011
001011000,001011000,001011000
0000001010011,0000001010011,0000001010011
011,011,011
00000101000100101,ERROR
1001110111011,1110001000100,1110001000101
,ERROR
0100100110110,0100100110110,0100100110110
0110010011011110,0110010011011110,0110010011011110
1110110101,1001001010,1001001011
1110,1001,1010
00000100,00000100,00000100
01001110,01001110,01001110
001010111111100,001010111111100,001010111111100
1001,1110,1111
10110100001001,11001011110110,11001011110111
1100001,1011110,1011111
011001110,011001110,011001110
1001010111001001,1110101000110110,1110101000110111
11011111100110111,ERROR
010000,010000,010000
00111011001,00111011001,00111011001
0,ERROR
10110001,11001110,11001111
1100011,1011100,1011101
001100111,001100111,001100111
00110111110100111,ERROR
100,111,000
0111,0111,0111
010001000010010,010001000010010,010001000010010
1,ERROR
001110110011011,001110110011011,001110110011011
0000,0000,0000
1010100110111110,1101011001000001,1101011001000010
00001010011,00001010011,00001010011
10101010100,11010101011,11010101100
1100011011111001,1011100100000110,1011100100000111
1000100000,1111011111,1111100000
11101,10010,10011
1011010,1100101,1100110
0001110001,0001110001,0001110001
0001010100111,0001010100111,0001010100111
10100,11011,11100
1011000,1100111,1101000
10101101,11010010,11010011
01110001,01110001,01110001
10101000010,11010111101,11010111110
001011000011,001011000011,001011000011
1,ERROR
10010011101101,11101100010010,11101100010011
1,ERROR
1101010101110100,1010101010001011,1010101010001100
11000011101001110,ERROR
10101111,11010000,11010001
011111,011111,011111
10,11,00
11,10,00
000111011011,000111011011,000111011011
01,01,01
000001,000001,000001
1111100010,1000011101,1000011110
10101001110110,11010110001001,11010110001010
010100111,010100111,010100111
1010,1101,1110
10,11,00
10001001,11110110,11110111
1000101011,1111010100,1111010101
111,100,101
011001,011001,011001
0111001,0111001,0111001
1110101011,1001010100,1001010101
000,000,000
010101001,010101001,010101001
1101010101010000,1010101010101111,1010101010110000
110111101,101000010,101000011
0010100100,0010100100,0010100100
010101011101,010101011101,010101011101
011,011,011
00101011110100,00101011110100,00101011110100
111101111,100010000,100010001
100101011110100,111010100001011,111010100001100
101100100,110011011,110011100
00011,00011,00011
0,ERROR
1011101010111,1100010101000,1100010101001
10010100001011,11101011110100,11101011110101
0100110111000001,0100110111000001,0100110111000001
01010101,01010101,01010101
1,ERROR
1100100000100,1011011111011,1011011111100
,ERROR
100000000,111111111,000000000
111000001001,100111110110,100111110111
0100011000011110,0100011000011110,0100011000011110
11110111,10001000,10001001
0101100,0101100,0101100
010110,010110,010110
10000110011,11111001100,11111001101
000,000,000
1100,1011,0000
01100,01100,01100
11001101011000,10110010100111,10110010101000
1010101,1101010,1101011
101111101,110000010,110000011
1111001110001011,1000110001110100,1000110001110101
01101000100101,01101000100101,01101000100101
000,000,000
001100110,001100110,001100110
100,111,000
001001,001001,001001
001000011001,001000011001,001000011001
1010,1101,1110
10111,11000,11001
100100001000001,111011110111110,111011110111111
1,ERROR
11111,10000,10001
000010,000010,000010
0101,0101,0101
11,10,00
01001001000001,01001001000001,01001001000001
11,10,00
1001011,1110100,1110101
01110000,01110000,01110000
11010110110101000,ERROR
01110001000011,01110001000011,01110001000011
101001100110011,110110011001100,110110011001101
00000011,00000011,00000011
10100010010,11011101101,11011101110
001000100,001000100,001000100
1000110,1111001,1111010
000,000,000
00110000110010111,ERROR
0100100100010110,0100100100010110,0100100100010110
110100100,101011011,101011100
00,00,00
1011111001,1100000110,1100000111
1,ERROR
110101,101010,101011
00001001001111,00001001001111,00001001001111
010,010,010
0,ERROR
0011,0011,0011
0110111001,0110111001,0110111001
,ERROR
1001011010100111,1110100101011000,1110100101011001
01000001100,01000001100,01000001100
,ERROR
10110010011000111,ERROR
01100111001,01100111001,01100111001
01111001110,01111001110,01111001110
1010011111,1101100000,1101100001
0100,0100,0100
1100100111110100,1011011000001011,1011011000001100
100001001,111110110,111110111
111010100000,100101011111,100101100000
001,001,001
11111000,10000111,10001000
001010000000,001010000000,001010000000
1101,1010,1011
101001000010,110110111101,110110111110
11101111010010110,ERROR
10000010,11111101,11111110
,ERROR
011,011,011
110101000000111,101010111111000,101010111111001
101001101100,110110010011,110110010100
1010111000000,1101000111111,1101001000000
11111101,10000010,10000011
10,11,00
1101100,1010011,1010100
11110101101,10001010010,10001010011
01011,01011,01011
1,ERROR
110000111110,101111000001,101111000010
11000000000010010,ERROR
00111011010011,00111011010011,00111011010011
1000010000,1111101111,1111110000
10011001,11100110,11100111
10000101101010101,ERROR
000010,000010,000010
11001010000100110,ERROR
00111011101010000,ERROR
01011,01011,01011
001101101000,001101101000,001101101000
10110,11001,11010
0011,0011,0011
,ERROR
1011101010001,1100010101110,1100010101111
101,110,111
0101101,0101101,0101101
10100111000,11011000111,11011001000
11001,10110,10111
01111001111101111,ERROR
001100101000,001100101000,001100101000
011010101,011010101,011010101
1010101111111000,1101010000000111,1101010000001000
0001000,0001000,0001000
10010110000111100,ERROR
10000011110,11111100001,11111100010
10001001000011,11110110111100,11110110111101
0,ERROR
001000110011010,001000110011010,001000110011010
110,101,000
000000,000000,000000
0001011101,0001011101,0001011101
0000,0000,0000
,ERROR
,ERROR
011101110011001,011101110011001,011101110011001
001100100110,001100100110,001100100110
111000000000101,100111111111010,100111111111011
0100001011010010,0100001011010010,0100001011010010
00011,00011,00011
0100001001,0100001001,0100001001
1010010110011,1101101001100,1101101001101
101011101,110100010,110100011
00111010010101,00111010010101,00111010010101
01101001101011,01101001101011,01101001101011
01111110110000000,ERROR
0000110110101100,0000110110101100,0000110110101100
11110010011,10001101100,10001101101
0111000001011100,0111000001011100,0111000001011100
100110100,111001011,111001100
00,00,00
1,ERROR
1,ERROR
01011110,01011110,01011110
10101,11010,11011
10111101010100100,ERROR
0111,0111,0111
11000000101,10111111010,10111111011
000100110000,000100110000,000100110000
011010011,011010011,011010011
100111,111000,111001
10110111,11001000,11001001
100001011,111110100,111110101
00011101001,00011101001,00011101001
1100001001001,1011110110110,1011110110111
1,ERROR
01101010,01101010,01101010
001111001,001111001,001111001
100011,111100,111101
111110101100010,100001010011101,100001010011110
111101,100010,100011
000,000,000
101011100,110100011,110100100
010001,010001,010001
,ERROR
110101010110,101010101001,101010101010
,ERROR
100101001011110,111010110100001,111010110100010
0000001,0000001,0000001
0000,0000,0000
110011,101100,101101
0110111,0110111,0110111
10111000000,11000111111,11001000000
011011,011011,011011
10010101101001,11101010010110,11101010010111
1010100110011,1101011001100,1101011001101
0010,0010,0010
010,010,010
00010010010111,00010010010111,00010010010111
00110,00110,00110
1100,1011,0000
000110,000110,000110
00100010001100,00100010001100,00100010001100
0110100101010,0110100101010,0110100101010
010001,010001,010001
01,01,01
0,ERROR
1,ERROR
01100,01100,01100
011,011,011
101010100010101,110101011101010,110101011101011
1110,1001,1010
0010101,0010101,0010101
1011010,1100101,1100110
000000101011,000000101011,000000101011
100001010001010,111110101110101,111110101110110
,ERROR
10000100,11111011,11111100
010010,010010,010010
001000111,001000111,001000111
11000011101010,10111100010101,10111100010110
0000100011100101,0000100011100101,0000100011100101
000010100011111,000010100011111,000010100011111
01001,01001,01001
1,ERROR
0011011,0011011,0011011
000010010011,000010010011,000010010011
011000011110,011000011110,011000011110
0101100101010000,0101100101010000,0101100101010000
000011100010,000011100010,000011100010
11110101101001,10001010010110,10001010010111
,ERROR
0,ERROR
010101,010101,010101
0100000111,0100000111,0100000111
101101011101,110010100010,110010100011
1011110100000,1100001011111,1100001100000
11101,10010,10011
0011101001110,0011101001110,0011101001110
00,00,00
01010000111100011,ERROR
0,ERROR
00001110111,00001110111,00001110111
11110000111101011,ERROR
111,100,101
0111,0111,0111
010,010,010
101,110,111
1011101101,1100010010,1100010011
0110000001110011,0110000001110011,0110000001110011
010010010,010010010,010010010
01011,01011,01011
1110101,1001010,1001011
0110,0110,0110
100,111,000
001110010,001110010,001110010
00011100000011100,ERROR
1100111011101,1011000100010,1011000100011
0111110100101,0111110100101,0111110100101
00111110101,00111110101,00111110101
01001101,01001101,01001101
1,ERROR
1010110100111110,1101001011000001,1101001011000010
10010001000000,11101110111111,11101111000000
0101,0101,0101
1110010101010111,1001101010101000,1001101010101001
010001,010001,010001
001100010101000,001100010101000,001100010101000
11111000011010101,ERROR
11011,10100,10101
00010100101,00010100101,00010100101
1110111110,1001000001,1001000010
1000111110111,1111000001000,1111000001001
111101111110000,100010000001111,100010000010000
00000100010,00000100010,00000100010
0111101111000101,0111101111000101,0111101111000101
000,000,000
0000,0000,0000
0100111,0100111,0100111
101000,110111,111000
0001101110011,0001101110011,0001101110011
10111,11000,11001
1,ERROR
000100101010110,000100101010110,000100101010110
10111101100110,11000010011001,11000010011010
010000101110,010000101110,010000101110
01,01,01
1,ERROR
11000,10111,00000
01,01,01
000,000,000
000110011,000110011,000110011
110000011111110,101111100000001,101111100000010
0110101000100,0110101000100,0110101000100
0000000,0000000,0000000
,ERROR
0011100,0011100,0011100
10111,11000,11001
01,01,01
00101001110111,00101001110111,00101001110111
0101010100111111,0101010100111111,0101010100111111
1111,1000,1001
1110001,1001110,1001111
0101001110101111,0101001110101111,0101001110101111
11010011001110000,ERROR
11100011,10011100,10011101
0001011,0001011,0001011
10000000100011,11111111011100,11111111011101
0000100000100,0000100000100,0000100000100
1,ERROR
0111,0111,0111
110,101,000
1000,1111,0000
0000000110101,0000000110101,0000000110101
0000100001100,0000100001100,0000100001100
10011,11100,11101
1,ERROR
,ERROR
1,ERROR
1110111111,1001000000,1001000001
1,ERROR
0110011101000,0110011101000,0110011101000
10111,11000,11001
0100,0100,0100
11011,10100,10101
0,ERROR
011000010,011000010,011000010
0,ERROR
0011000101110000,0011000101110000,0011000101110000
11011001011110001,ERROR
111111000110111,100000111001000,100000111001001
01100100111,01100100111,01100100111
001,001,001
00110101110,00110101110,00110101110
001111,001111,001111
1010000,1101111,1110000
1010100001,1101011110,1101011111
111,100,101
101011,110100,110101
1001110101100,1110001010011,1110001010100
11111010000,10000101111,10000110000
01011110,01011110,01011110
00001110000,00001110000,00001110000
110101011000001,101010100111110,101010100111111
101101,110010,110011
0001100101100101,0001100101100101,0001100101100101
100001010001,111110101110,111110101111
101011001101,110100110010,110100110011
01000101110,01000101110,01000101110
11001011011001,10110100100110,10110100100111
011011,011011,011011
10101,11010,11011
1110110000,1001001111,1001010000
0011001110,0011001110,0011001110
0,ERROR
0100110,0100110,0100110
10111101010111011,ERROR
,ERROR
,ERROR
0,ERROR
0100100,0100100,0100100
01011101110010000,ERROR
00001010100011,00001010100011,00001010100011
11100101110,10011010001,10011010010
0,ERROR
1001100,1110011,1110100
1001010111100111,1110101000011000,1110101000011001
11,10,00
100011000100010,111100111011101,111100111011110
110011100100111,101100011011000,101100011011001
,ERROR
1010,1101,1110
01001,01001,01001
110,101,000
01001011010110011,ERROR
110010100,101101011,101101100
0101111,0101111,0101111
101101010101,110010101010,110010101011
1,ERROR
1000101011001,1111010100110,1111010100111
01111010011111,01111010011111,01111010011111
1110001,1001110,1001111
00,00,00
0011001101011,0011001101011,0011001101011
110100111001,101011000110,101011000111
1,ERROR
11100101101,10011010010,10011010011
01011011010000,01011011010000,01011011010000
100111011,111000100,111000101
001110111,001110111,001110111
1100010010110,1011101101001,1011101101010
00111011100,00111011100,00111011100
000,000,000
00101011001,00101011001,00101011001
10100011100010100,ERROR
0111001,0111001,0111001
01101100,01101100,01101100
10111111000,11000000111,11000001000
001110110100111,001110110100111,001110110100111
11,10,00
00010000011,00010000011,00010000011
1101000000,1010111111,1011000000
1001001110000101,1110110001111010,1110110001111011
1,ERROR
111001000,100110111,100111000
01011001001011,01011001001011,01011001001011
111110110000,100001001111,100001010000
011111110,011111110,011111110
0011111001001,0011111001001,0011111001001
0110010010100,0110010010100,0110010010100
10101,11010,11011
101,110,111
01010001100011100,ERROR
110010111,101101000,101101001
110,101,000
00111011001,00111011001,00111011001
1110001100,1001110011,1001110100
0010000111010,0010000111010,0010000111010
000110110011,000110110011,000110110011
10001100000001110,ERROR
100101,111010,111011
10001,11110,11111
0010110101000,0010110101000,0010110101000
100101101010,111010010101,111010010110
110100100011,101011011100,101011011101
011101100010,011101100010,011101100010
11010,10101,10110
011,011,011
10101,11010,11011
000011100,000011100,000011100
1010001101101,1101110010010,1101110010011
1000001000000110,1111110111111001,1111110111111010
10,11,00
1,ERROR
1001110,1110001,1110010
0111110011001,0111110011001,0111110011001
1111011100110,1000100011001,1000100011010
01,01,01
0000111110001110,0000111110001110,0000111110001110
1110,1001,1010
0101101000000111,0101101000000111,0101101000000111
01011010001,01011010001,01011010001
00001100011000,00001100011000,00001100011000
11100,10011,10100
101100,110011,110100
10111111100110100,ERROR
,ERROR
11011,10100,10101
00110100101,00110100101,00110100101
100,111,000
011100111101,011100111101,011100111101
00,00,00
0011001100100,0011001100100,0011001100100
001110100111110,001110100111110,001110100111110
1010001100011110,1101110011100001,1101110011100010
0010011000110001,0010011000110001,0010011000110001
1011101011,1100010100,1100010101
10101000010101001,ERROR
0100011001,0100011001,0100011001
110011101001111,101100010110000,101100010110001
01000011,01000011,01000011
0010101110110101,0010101110110101,0010101110110101
00001111,00001111,00001111
1,ERROR
0011010000010101,0011010000010101,0011010000010101
1001010,1110101,1110110
0001110001111,0001110001111,0001110001111
100100111011,111011000100,111011000101
001110100111011,001110100111011,001110100111011
00101111111000001,ERROR
100,111,000
00111111111,00111111111,00111111111
,ERROR
0110111001100,0110111001100,0110111001100
0000011,0000011,0000011
0011001101,0011001101,0011001101
0001,0001,0001
,ERROR
0011101100000100,0011101100000100,0011101100000100
00,00,00
1,ERROR
101,110,111
1100,1011,0000
01111111,01111111,01111111
00010101,00010101,00010101
111,100,101
10011010,11100101,11100110
11011110001010,10100001110101,10100001110110
0010011100111,0010011100111,0010011100111
0111111000,0111111000,0111111000
0,ERROR
11100,10011,10100
1011000101,1100111010,1100111011
101101101011,110010010100,110010010101
001,001,001
10001101,11110010,11110011
01001111110,01001111110,01001111110
000100,000100,000100
1,ERROR
0000110011,0000110011,0000110011
1011110000101010,1100001111010101,1100001111010110
010110011010010,010110011010010,010110011010010
10101000111010100,ERROR
10011101,11100010,11100011
0100100010110,0100100010110,0100100010110
00100011,00100011,00100011
0,ERROR
101100,110011,110100
000110101101100,000110101101100,000110101101100
,ERROR
100111111111,111000000000,111000000001
10011001,11100110,11100111
100010001010101,111101110101010,111101110101011
00,00,00
00001,00001,00001
010111011100,010111011100,010111011100
000111010,000111010,000111010
000101100,000101100,000101100
10101000010110011,ERROR
0100010000111,0100010000111,0100010000111
101100,110011,110100
11110100,10001011,10001100
1101,1010,1011
111010,100101,100110
00110,00110,00110
10011,11100,11101
1000100011,1111011100,1111011101
10100001001010001,ERROR
1,ERROR
11100100001101101,ERROR
11101101011110,10010010100001,10010010100010
0000100,0000100,0000100
1111,1000,1001
1000011,1111100,1111101
010,010,010
00001100111110011,ERROR
100,111,000
111111111010,100000000101,100000000110
,ERROR
11011101101001101,ERROR
0101000011,0101000011,0101000011
111011000101110,100100111010001,100100111010010
0010111011101,0010111011101,0010111011101
011001111000,011001111000,011001111000
110110010,101001101,101001110
101,110,111
101100010001,110011101110,110011101111
00,00,00
1110,1001,1010
01111110000100110,ERROR
111,100,101
1000011001001001,1111100110110110,1111100110110111
10001110,11110001,11110010
0000100100,0000100100,0000100100
,ERROR
1001010010110001,1110101101001110,1110101101001111
100111111,111000000,111000001
01101011110111,01101011110111,01101011110111
1,ERROR
1100,1011,0000
000101110101,000101110101,000101110101
10000101000001,11111010111110,11111010111111
00010110110001,00010110110001,00010110110001
10111101101,11000010010,11000010011
1000101001101,1111010110010,1111010110011
,ERROR
100010101,111101010,111101011
0,ERROR
1111011100111,1000100011000,1000100011001
1,ERROR
,ERROR
01110010001,01110010001,01110010001
1,ERROR
10100111001001100,ERROR
0001,0001,0001
001101111,001101111,001101111
00,00,00
1,ERROR
0101,0101,0101
0101,0101,0101
0,ERROR
,ERROR
0000110101000,0000110101000,0000110101000
